,graph,start_index,starting_neighbors,starting_betweenness,transitivity,components,initial_positive,average_path,iterations,threshold,number_convinced
0,reply,7482,9,317857.90173895785,0.21998502913719503,1,1000,3.150966063704537,5,5,983
1,reply,7482,9,317857.90173895785,0.21998502913719503,1,5000,3.150966063704537,5,5,19899
2,reply,7482,9,317857.90173895785,0.21998502913719503,1,10000,3.150966063704537,5,5,20972
3,reply,7482,9,317857.90173895785,0.21998502913719503,1,15000,3.150966063704537,5,5,21735
4,reply,7482,9,317857.90173895785,0.21998502913719503,1,1000,3.150966063704537,5,10,976
5,reply,7482,9,317857.90173895785,0.21998502913719503,1,5000,3.150966063704537,5,10,18724
6,reply,7482,9,317857.90173895785,0.21998502913719503,1,10000,3.150966063704537,5,10,20122
7,reply,7482,9,317857.90173895785,0.21998502913719503,1,15000,3.150966063704537,5,10,21090
8,reply,7482,9,317857.90173895785,0.21998502913719503,1,1000,3.150966063704537,5,20,981
9,reply,7482,9,317857.90173895785,0.21998502913719503,1,5000,3.150966063704537,5,20,17850
10,reply,7482,9,317857.90173895785,0.21998502913719503,1,10000,3.150966063704537,5,20,19306
11,reply,7482,9,317857.90173895785,0.21998502913719503,1,15000,3.150966063704537,5,20,20413
12,reply,16007,1,0.0,0.21998502913719503,1,1000,3.150966063704537,5,5,984
13,reply,16007,1,0.0,0.21998502913719503,1,5000,3.150966063704537,5,5,19968
14,reply,16007,1,0.0,0.21998502913719503,1,10000,3.150966063704537,5,5,20969
15,reply,16007,1,0.0,0.21998502913719503,1,15000,3.150966063704537,5,5,21730
16,reply,16007,1,0.0,0.21998502913719503,1,1000,3.150966063704537,5,10,17492
17,reply,16007,1,0.0,0.21998502913719503,1,5000,3.150966063704537,5,10,18822
18,reply,16007,1,0.0,0.21998502913719503,1,10000,3.150966063704537,5,10,20152
19,reply,16007,1,0.0,0.21998502913719503,1,15000,3.150966063704537,5,10,21085
20,reply,16007,1,0.0,0.21998502913719503,1,1000,3.150966063704537,5,20,987
21,reply,16007,1,0.0,0.21998502913719503,1,5000,3.150966063704537,5,20,17677
22,reply,16007,1,0.0,0.21998502913719503,1,10000,3.150966063704537,5,20,19301
23,reply,16007,1,0.0,0.21998502913719503,1,15000,3.150966063704537,5,20,20296
24,reply,13295,2,2467.292164208334,0.21998502913719503,1,1000,3.150966063704537,5,5,18802
25,reply,13295,2,2467.292164208334,0.21998502913719503,1,5000,3.150966063704537,5,5,19936
26,reply,13295,2,2467.292164208334,0.21998502913719503,1,10000,3.150966063704537,5,5,21022
27,reply,13295,2,2467.292164208334,0.21998502913719503,1,15000,3.150966063704537,5,5,21722
28,reply,13295,2,2467.292164208334,0.21998502913719503,1,1000,3.150966063704537,5,10,978
29,reply,13295,2,2467.292164208334,0.21998502913719503,1,5000,3.150966063704537,5,10,18888
30,reply,13295,2,2467.292164208334,0.21998502913719503,1,10000,3.150966063704537,5,10,20127
31,reply,13295,2,2467.292164208334,0.21998502913719503,1,15000,3.150966063704537,5,10,21048
32,reply,13295,2,2467.292164208334,0.21998502913719503,1,1000,3.150966063704537,5,20,977
33,reply,13295,2,2467.292164208334,0.21998502913719503,1,5000,3.150966063704537,5,20,17680
34,reply,13295,2,2467.292164208334,0.21998502913719503,1,10000,3.150966063704537,5,20,19365
35,reply,13295,2,2467.292164208334,0.21998502913719503,1,15000,3.150966063704537,5,20,20315
36,reply,15166,1,0.0,0.21998502913719503,1,1000,3.150966063704537,5,5,976
37,reply,15166,1,0.0,0.21998502913719503,1,5000,3.150966063704537,5,5,19915
38,reply,15166,1,0.0,0.21998502913719503,1,10000,3.150966063704537,5,5,21045
39,reply,15166,1,0.0,0.21998502913719503,1,15000,3.150966063704537,5,5,21811
40,reply,15166,1,0.0,0.21998502913719503,1,1000,3.150966063704537,5,10,971
41,reply,15166,1,0.0,0.21998502913719503,1,5000,3.150966063704537,5,10,18873
42,reply,15166,1,0.0,0.21998502913719503,1,10000,3.150966063704537,5,10,20102
43,reply,15166,1,0.0,0.21998502913719503,1,15000,3.150966063704537,5,10,21094
44,reply,15166,1,0.0,0.21998502913719503,1,1000,3.150966063704537,5,20,983
45,reply,15166,1,0.0,0.21998502913719503,1,5000,3.150966063704537,5,20,4511
46,reply,15166,1,0.0,0.21998502913719503,1,10000,3.150966063704537,5,20,19269
47,reply,15166,1,0.0,0.21998502913719503,1,15000,3.150966063704537,5,20,20423
48,reply,16906,1,0.0,0.21998502913719503,1,1000,3.150966063704537,5,5,969
49,reply,16906,1,0.0,0.21998502913719503,1,5000,3.150966063704537,5,5,19916
50,reply,16906,1,0.0,0.21998502913719503,1,10000,3.150966063704537,5,5,21069
51,reply,16906,1,0.0,0.21998502913719503,1,15000,3.150966063704537,5,5,21772
52,reply,16906,1,0.0,0.21998502913719503,1,1000,3.150966063704537,5,10,977
53,reply,16906,1,0.0,0.21998502913719503,1,5000,3.150966063704537,5,10,18857
54,reply,16906,1,0.0,0.21998502913719503,1,10000,3.150966063704537,5,10,20071
55,reply,16906,1,0.0,0.21998502913719503,1,15000,3.150966063704537,5,10,21049
56,reply,16906,1,0.0,0.21998502913719503,1,1000,3.150966063704537,5,20,977
57,reply,16906,1,0.0,0.21998502913719503,1,5000,3.150966063704537,5,20,17752
58,reply,16906,1,0.0,0.21998502913719503,1,10000,3.150966063704537,5,20,19317
59,reply,16906,1,0.0,0.21998502913719503,1,15000,3.150966063704537,5,20,20431
60,reply,6001,3,24550.999999999993,0.21998502913719503,1,1000,3.150966063704537,5,5,974
61,reply,6001,3,24550.999999999993,0.21998502913719503,1,5000,3.150966063704537,5,5,19996
62,reply,6001,3,24550.999999999993,0.21998502913719503,1,10000,3.150966063704537,5,5,20980
63,reply,6001,3,24550.999999999993,0.21998502913719503,1,15000,3.150966063704537,5,5,21751
64,reply,6001,3,24550.999999999993,0.21998502913719503,1,1000,3.150966063704537,5,10,977
65,reply,6001,3,24550.999999999993,0.21998502913719503,1,5000,3.150966063704537,5,10,18870
66,reply,6001,3,24550.999999999993,0.21998502913719503,1,10000,3.150966063704537,5,10,20156
67,reply,6001,3,24550.999999999993,0.21998502913719503,1,15000,3.150966063704537,5,10,21031
68,reply,6001,3,24550.999999999993,0.21998502913719503,1,1000,3.150966063704537,5,20,984
69,reply,6001,3,24550.999999999993,0.21998502913719503,1,5000,3.150966063704537,5,20,17723
70,reply,6001,3,24550.999999999993,0.21998502913719503,1,10000,3.150966063704537,5,20,19224
71,reply,6001,3,24550.999999999993,0.21998502913719503,1,15000,3.150966063704537,5,20,20389
72,reply,11205,1,0.0,0.21998502913719503,1,1000,3.150966063704537,5,5,979
73,reply,11205,1,0.0,0.21998502913719503,1,5000,3.150966063704537,5,5,19963
74,reply,11205,1,0.0,0.21998502913719503,1,10000,3.150966063704537,5,5,21006
75,reply,11205,1,0.0,0.21998502913719503,1,15000,3.150966063704537,5,5,21755
76,reply,11205,1,0.0,0.21998502913719503,1,1000,3.150966063704537,5,10,978
77,reply,11205,1,0.0,0.21998502913719503,1,5000,3.150966063704537,5,10,18848
78,reply,11205,1,0.0,0.21998502913719503,1,10000,3.150966063704537,5,10,20147
79,reply,11205,1,0.0,0.21998502913719503,1,15000,3.150966063704537,5,10,21059
80,reply,11205,1,0.0,0.21998502913719503,1,1000,3.150966063704537,5,20,985
81,reply,11205,1,0.0,0.21998502913719503,1,5000,3.150966063704537,5,20,17786
82,reply,11205,1,0.0,0.21998502913719503,1,10000,3.150966063704537,5,20,19269
83,reply,11205,1,0.0,0.21998502913719503,1,15000,3.150966063704537,5,20,20365
84,reply,384,2,73646.99999999997,0.21998502913719503,1,1000,3.150966063704537,5,5,978
85,reply,384,2,73646.99999999997,0.21998502913719503,1,5000,3.150966063704537,5,5,19944
86,reply,384,2,73646.99999999997,0.21998502913719503,1,10000,3.150966063704537,5,5,20866
87,reply,384,2,73646.99999999997,0.21998502913719503,1,15000,3.150966063704537,5,5,21803
88,reply,384,2,73646.99999999997,0.21998502913719503,1,1000,3.150966063704537,5,10,982
89,reply,384,2,73646.99999999997,0.21998502913719503,1,5000,3.150966063704537,5,10,18863
90,reply,384,2,73646.99999999997,0.21998502913719503,1,10000,3.150966063704537,5,10,19998
91,reply,384,2,73646.99999999997,0.21998502913719503,1,15000,3.150966063704537,5,10,21071
92,reply,384,2,73646.99999999997,0.21998502913719503,1,1000,3.150966063704537,5,20,973
93,reply,384,2,73646.99999999997,0.21998502913719503,1,5000,3.150966063704537,5,20,17820
94,reply,384,2,73646.99999999997,0.21998502913719503,1,10000,3.150966063704537,5,20,19224
95,reply,384,2,73646.99999999997,0.21998502913719503,1,15000,3.150966063704537,5,20,20381
96,reply,23423,1,0.0,0.21998502913719503,1,1000,3.150966063704537,5,5,981
97,reply,23423,1,0.0,0.21998502913719503,1,5000,3.150966063704537,5,5,19945
98,reply,23423,1,0.0,0.21998502913719503,1,10000,3.150966063704537,5,5,20881
99,reply,23423,1,0.0,0.21998502913719503,1,15000,3.150966063704537,5,5,21770
100,reply,23423,1,0.0,0.21998502913719503,1,1000,3.150966063704537,5,10,989
101,reply,23423,1,0.0,0.21998502913719503,1,5000,3.150966063704537,5,10,18967
102,reply,23423,1,0.0,0.21998502913719503,1,10000,3.150966063704537,5,10,20068
103,reply,23423,1,0.0,0.21998502913719503,1,15000,3.150966063704537,5,10,21081
104,reply,23423,1,0.0,0.21998502913719503,1,1000,3.150966063704537,5,20,979
105,reply,23423,1,0.0,0.21998502913719503,1,5000,3.150966063704537,5,20,17773
106,reply,23423,1,0.0,0.21998502913719503,1,10000,3.150966063704537,5,20,19244
107,reply,23423,1,0.0,0.21998502913719503,1,15000,3.150966063704537,5,20,20397
108,reply,4460,5,154847.3279335095,0.21998502913719503,1,1000,3.150966063704537,5,5,978
109,reply,4460,5,154847.3279335095,0.21998502913719503,1,5000,3.150966063704537,5,5,19973
110,reply,4460,5,154847.3279335095,0.21998502913719503,1,10000,3.150966063704537,5,5,21046
111,reply,4460,5,154847.3279335095,0.21998502913719503,1,15000,3.150966063704537,5,5,21815
112,reply,4460,5,154847.3279335095,0.21998502913719503,1,1000,3.150966063704537,5,10,977
113,reply,4460,5,154847.3279335095,0.21998502913719503,1,5000,3.150966063704537,5,10,18752
114,reply,4460,5,154847.3279335095,0.21998502913719503,1,10000,3.150966063704537,5,10,20034
115,reply,4460,5,154847.3279335095,0.21998502913719503,1,15000,3.150966063704537,5,10,21047
116,reply,4460,5,154847.3279335095,0.21998502913719503,1,1000,3.150966063704537,5,20,975
117,reply,4460,5,154847.3279335095,0.21998502913719503,1,5000,3.150966063704537,5,20,17819
118,reply,4460,5,154847.3279335095,0.21998502913719503,1,10000,3.150966063704537,5,20,19324
119,reply,4460,5,154847.3279335095,0.21998502913719503,1,15000,3.150966063704537,5,20,20352
120,SW,9314,7,129036.13980450081,0.21545274302545894,1,1000,6.9299126943015805,5,5,982
121,SW,9314,7,129036.13980450081,0.21545274302545894,1,5000,6.9299126943015805,5,5,19944
122,SW,9314,7,129036.13980450081,0.21545274302545894,1,10000,6.9299126943015805,5,5,20911
123,SW,9314,7,129036.13980450081,0.21545274302545894,1,15000,6.9299126943015805,5,5,21819
124,SW,9314,7,129036.13980450081,0.21545274302545894,1,1000,6.9299126943015805,5,10,973
125,SW,9314,7,129036.13980450081,0.21545274302545894,1,5000,6.9299126943015805,5,10,18751
126,SW,9314,7,129036.13980450081,0.21545274302545894,1,10000,6.9299126943015805,5,10,20100
127,SW,9314,7,129036.13980450081,0.21545274302545894,1,15000,6.9299126943015805,5,10,21061
128,SW,9314,7,129036.13980450081,0.21545274302545894,1,1000,6.9299126943015805,5,20,985
129,SW,9314,7,129036.13980450081,0.21545274302545894,1,5000,6.9299126943015805,5,20,17795
130,SW,9314,7,129036.13980450081,0.21545274302545894,1,10000,6.9299126943015805,5,20,19197
131,SW,9314,7,129036.13980450081,0.21545274302545894,1,15000,6.9299126943015805,5,20,20402
132,SW,11882,6,34911.73572606403,0.21545274302545894,1,1000,6.9299126943015805,5,5,980
133,SW,11882,6,34911.73572606403,0.21545274302545894,1,5000,6.9299126943015805,5,5,19921
134,SW,11882,6,34911.73572606403,0.21545274302545894,1,10000,6.9299126943015805,5,5,21019
135,SW,11882,6,34911.73572606403,0.21545274302545894,1,15000,6.9299126943015805,5,5,21807
136,SW,11882,6,34911.73572606403,0.21545274302545894,1,1000,6.9299126943015805,5,10,980
137,SW,11882,6,34911.73572606403,0.21545274302545894,1,5000,6.9299126943015805,5,10,18794
138,SW,11882,6,34911.73572606403,0.21545274302545894,1,10000,6.9299126943015805,5,10,20127
139,SW,11882,6,34911.73572606403,0.21545274302545894,1,15000,6.9299126943015805,5,10,21094
140,SW,11882,6,34911.73572606403,0.21545274302545894,1,1000,6.9299126943015805,5,20,16201
141,SW,11882,6,34911.73572606403,0.21545274302545894,1,5000,6.9299126943015805,5,20,17702
142,SW,11882,6,34911.73572606403,0.21545274302545894,1,10000,6.9299126943015805,5,20,19279
143,SW,11882,6,34911.73572606403,0.21545274302545894,1,15000,6.9299126943015805,5,20,20362
144,SW,21838,5,61147.06226995859,0.21545274302545894,1,1000,6.9299126943015805,5,5,18771
145,SW,21838,5,61147.06226995859,0.21545274302545894,1,5000,6.9299126943015805,5,5,19910
146,SW,21838,5,61147.06226995859,0.21545274302545894,1,10000,6.9299126943015805,5,5,20961
147,SW,21838,5,61147.06226995859,0.21545274302545894,1,15000,6.9299126943015805,5,5,21733
148,SW,21838,5,61147.06226995859,0.21545274302545894,1,1000,6.9299126943015805,5,10,978
149,SW,21838,5,61147.06226995859,0.21545274302545894,1,5000,6.9299126943015805,5,10,4504
150,SW,21838,5,61147.06226995859,0.21545274302545894,1,10000,6.9299126943015805,5,10,20100
151,SW,21838,5,61147.06226995859,0.21545274302545894,1,15000,6.9299126943015805,5,10,21003
152,SW,21838,5,61147.06226995859,0.21545274302545894,1,1000,6.9299126943015805,5,20,986
153,SW,21838,5,61147.06226995859,0.21545274302545894,1,5000,6.9299126943015805,5,20,17768
154,SW,21838,5,61147.06226995859,0.21545274302545894,1,10000,6.9299126943015805,5,20,19277
155,SW,21838,5,61147.06226995859,0.21545274302545894,1,15000,6.9299126943015805,5,20,20348
156,SW,5917,6,91051.60857354713,0.21545274302545894,1,1000,6.9299126943015805,5,5,969
157,SW,5917,6,91051.60857354713,0.21545274302545894,1,5000,6.9299126943015805,5,5,19889
158,SW,5917,6,91051.60857354713,0.21545274302545894,1,10000,6.9299126943015805,5,5,20936
159,SW,5917,6,91051.60857354713,0.21545274302545894,1,15000,6.9299126943015805,5,5,21818
160,SW,5917,6,91051.60857354713,0.21545274302545894,1,1000,6.9299126943015805,5,10,977
161,SW,5917,6,91051.60857354713,0.21545274302545894,1,5000,6.9299126943015805,5,10,18809
162,SW,5917,6,91051.60857354713,0.21545274302545894,1,10000,6.9299126943015805,5,10,20111
163,SW,5917,6,91051.60857354713,0.21545274302545894,1,15000,6.9299126943015805,5,10,21040
164,SW,5917,6,91051.60857354713,0.21545274302545894,1,1000,6.9299126943015805,5,20,978
165,SW,5917,6,91051.60857354713,0.21545274302545894,1,5000,6.9299126943015805,5,20,17832
166,SW,5917,6,91051.60857354713,0.21545274302545894,1,10000,6.9299126943015805,5,20,19202
167,SW,5917,6,91051.60857354713,0.21545274302545894,1,15000,6.9299126943015805,5,20,20363
168,SW,23669,7,132389.28470711492,0.21545274302545894,1,1000,6.9299126943015805,5,5,980
169,SW,23669,7,132389.28470711492,0.21545274302545894,1,5000,6.9299126943015805,5,5,19930
170,SW,23669,7,132389.28470711492,0.21545274302545894,1,10000,6.9299126943015805,5,5,20995
171,SW,23669,7,132389.28470711492,0.21545274302545894,1,15000,6.9299126943015805,5,5,21813
172,SW,23669,7,132389.28470711492,0.21545274302545894,1,1000,6.9299126943015805,5,10,982
173,SW,23669,7,132389.28470711492,0.21545274302545894,1,5000,6.9299126943015805,5,10,18668
174,SW,23669,7,132389.28470711492,0.21545274302545894,1,10000,6.9299126943015805,5,10,20117
175,SW,23669,7,132389.28470711492,0.21545274302545894,1,15000,6.9299126943015805,5,10,21094
176,SW,23669,7,132389.28470711492,0.21545274302545894,1,1000,6.9299126943015805,5,20,983
177,SW,23669,7,132389.28470711492,0.21545274302545894,1,5000,6.9299126943015805,5,20,17744
178,SW,23669,7,132389.28470711492,0.21545274302545894,1,10000,6.9299126943015805,5,20,19309
179,SW,23669,7,132389.28470711492,0.21545274302545894,1,15000,6.9299126943015805,5,20,20361
180,SW,19859,6,67731.47156560032,0.21545274302545894,1,1000,6.9299126943015805,5,5,988
181,SW,19859,6,67731.47156560032,0.21545274302545894,1,5000,6.9299126943015805,5,5,19974
182,SW,19859,6,67731.47156560032,0.21545274302545894,1,10000,6.9299126943015805,5,5,20891
183,SW,19859,6,67731.47156560032,0.21545274302545894,1,15000,6.9299126943015805,5,5,21749
184,SW,19859,6,67731.47156560032,0.21545274302545894,1,1000,6.9299126943015805,5,10,976
185,SW,19859,6,67731.47156560032,0.21545274302545894,1,5000,6.9299126943015805,5,10,18742
186,SW,19859,6,67731.47156560032,0.21545274302545894,1,10000,6.9299126943015805,5,10,20093
187,SW,19859,6,67731.47156560032,0.21545274302545894,1,15000,6.9299126943015805,5,10,21100
188,SW,19859,6,67731.47156560032,0.21545274302545894,1,1000,6.9299126943015805,5,20,972
189,SW,19859,6,67731.47156560032,0.21545274302545894,1,5000,6.9299126943015805,5,20,17705
190,SW,19859,6,67731.47156560032,0.21545274302545894,1,10000,6.9299126943015805,5,20,19316
191,SW,19859,6,67731.47156560032,0.21545274302545894,1,15000,6.9299126943015805,5,20,20370
192,SW,1953,5,21398.56249138926,0.21545274302545894,1,1000,6.9299126943015805,5,5,972
193,SW,1953,5,21398.56249138926,0.21545274302545894,1,5000,6.9299126943015805,5,5,19881
194,SW,1953,5,21398.56249138926,0.21545274302545894,1,10000,6.9299126943015805,5,5,20962
195,SW,1953,5,21398.56249138926,0.21545274302545894,1,15000,6.9299126943015805,5,5,21764
196,SW,1953,5,21398.56249138926,0.21545274302545894,1,1000,6.9299126943015805,5,10,978
197,SW,1953,5,21398.56249138926,0.21545274302545894,1,5000,6.9299126943015805,5,10,18840
198,SW,1953,5,21398.56249138926,0.21545274302545894,1,10000,6.9299126943015805,5,10,20141
199,SW,1953,5,21398.56249138926,0.21545274302545894,1,15000,6.9299126943015805,5,10,21040
200,SW,1953,5,21398.56249138926,0.21545274302545894,1,1000,6.9299126943015805,5,20,976
201,SW,1953,5,21398.56249138926,0.21545274302545894,1,5000,6.9299126943015805,5,20,4512
202,SW,1953,5,21398.56249138926,0.21545274302545894,1,10000,6.9299126943015805,5,20,19206
203,SW,1953,5,21398.56249138926,0.21545274302545894,1,15000,6.9299126943015805,5,20,20265
204,SW,13030,6,15282.918852180557,0.21545274302545894,1,1000,6.9299126943015805,5,5,983
205,SW,13030,6,15282.918852180557,0.21545274302545894,1,5000,6.9299126943015805,5,5,19902
206,SW,13030,6,15282.918852180557,0.21545274302545894,1,10000,6.9299126943015805,5,5,21054
207,SW,13030,6,15282.918852180557,0.21545274302545894,1,15000,6.9299126943015805,5,5,21813
208,SW,13030,6,15282.918852180557,0.21545274302545894,1,1000,6.9299126943015805,5,10,979
209,SW,13030,6,15282.918852180557,0.21545274302545894,1,5000,6.9299126943015805,5,10,4534
210,SW,13030,6,15282.918852180557,0.21545274302545894,1,10000,6.9299126943015805,5,10,20149
211,SW,13030,6,15282.918852180557,0.21545274302545894,1,15000,6.9299126943015805,5,10,21073
212,SW,13030,6,15282.918852180557,0.21545274302545894,1,1000,6.9299126943015805,5,20,976
213,SW,13030,6,15282.918852180557,0.21545274302545894,1,5000,6.9299126943015805,5,20,4549
214,SW,13030,6,15282.918852180557,0.21545274302545894,1,10000,6.9299126943015805,5,20,19203
215,SW,13030,6,15282.918852180557,0.21545274302545894,1,15000,6.9299126943015805,5,20,20385
216,SW,20675,8,266740.7017324696,0.21545274302545894,1,1000,6.9299126943015805,5,5,976
217,SW,20675,8,266740.7017324696,0.21545274302545894,1,5000,6.9299126943015805,5,5,19918
218,SW,20675,8,266740.7017324696,0.21545274302545894,1,10000,6.9299126943015805,5,5,20983
219,SW,20675,8,266740.7017324696,0.21545274302545894,1,15000,6.9299126943015805,5,5,21730
220,SW,20675,8,266740.7017324696,0.21545274302545894,1,1000,6.9299126943015805,5,10,978
221,SW,20675,8,266740.7017324696,0.21545274302545894,1,5000,6.9299126943015805,5,10,18792
222,SW,20675,8,266740.7017324696,0.21545274302545894,1,10000,6.9299126943015805,5,10,20016
223,SW,20675,8,266740.7017324696,0.21545274302545894,1,15000,6.9299126943015805,5,10,21097
224,SW,20675,8,266740.7017324696,0.21545274302545894,1,1000,6.9299126943015805,5,20,984
225,SW,20675,8,266740.7017324696,0.21545274302545894,1,5000,6.9299126943015805,5,20,17739
226,SW,20675,8,266740.7017324696,0.21545274302545894,1,10000,6.9299126943015805,5,20,19259
227,SW,20675,8,266740.7017324696,0.21545274302545894,1,15000,6.9299126943015805,5,20,20351
228,SW,21151,6,62648.85216155781,0.21545274302545894,1,1000,6.9299126943015805,5,5,981
229,SW,21151,6,62648.85216155781,0.21545274302545894,1,5000,6.9299126943015805,5,5,19868
230,SW,21151,6,62648.85216155781,0.21545274302545894,1,10000,6.9299126943015805,5,5,20945
231,SW,21151,6,62648.85216155781,0.21545274302545894,1,15000,6.9299126943015805,5,5,21803
232,SW,21151,6,62648.85216155781,0.21545274302545894,1,1000,6.9299126943015805,5,10,979
233,SW,21151,6,62648.85216155781,0.21545274302545894,1,5000,6.9299126943015805,5,10,18901
234,SW,21151,6,62648.85216155781,0.21545274302545894,1,10000,6.9299126943015805,5,10,20136
235,SW,21151,6,62648.85216155781,0.21545274302545894,1,15000,6.9299126943015805,5,10,21050
236,SW,21151,6,62648.85216155781,0.21545274302545894,1,1000,6.9299126943015805,5,20,980
237,SW,21151,6,62648.85216155781,0.21545274302545894,1,5000,6.9299126943015805,5,20,17850
238,SW,21151,6,62648.85216155781,0.21545274302545894,1,10000,6.9299126943015805,5,20,19291
239,SW,21151,6,62648.85216155781,0.21545274302545894,1,15000,6.9299126943015805,5,20,20346
240,BA,13097,1,0.0,0.0,1,1000,13.056748903035343,5,5,978
241,BA,13097,1,0.0,0.0,1,5000,13.056748903035343,5,5,19937
242,BA,13097,1,0.0,0.0,1,10000,13.056748903035343,5,5,20894
243,BA,13097,1,0.0,0.0,1,15000,13.056748903035343,5,5,21762
244,BA,13097,1,0.0,0.0,1,1000,13.056748903035343,5,10,974
245,BA,13097,1,0.0,0.0,1,5000,13.056748903035343,5,10,18823
246,BA,13097,1,0.0,0.0,1,10000,13.056748903035343,5,10,20114
247,BA,13097,1,0.0,0.0,1,15000,13.056748903035343,5,10,21030
248,BA,13097,1,0.0,0.0,1,1000,13.056748903035343,5,20,979
249,BA,13097,1,0.0,0.0,1,5000,13.056748903035343,5,20,17723
250,BA,13097,1,0.0,0.0,1,10000,13.056748903035343,5,20,19293
251,BA,13097,1,0.0,0.0,1,15000,13.056748903035343,5,20,20384
252,BA,6112,3,98195.0,0.0,1,1000,13.056748903035343,5,5,980
253,BA,6112,3,98195.0,0.0,1,5000,13.056748903035343,5,5,19896
254,BA,6112,3,98195.0,0.0,1,10000,13.056748903035343,5,5,20961
255,BA,6112,3,98195.0,0.0,1,15000,13.056748903035343,5,5,21803
256,BA,6112,3,98195.0,0.0,1,1000,13.056748903035343,5,10,981
257,BA,6112,3,98195.0,0.0,1,5000,13.056748903035343,5,10,18806
258,BA,6112,3,98195.0,0.0,1,10000,13.056748903035343,5,10,20081
259,BA,6112,3,98195.0,0.0,1,15000,13.056748903035343,5,10,21040
260,BA,6112,3,98195.0,0.0,1,1000,13.056748903035343,5,20,16260
261,BA,6112,3,98195.0,0.0,1,5000,13.056748903035343,5,20,17731
262,BA,6112,3,98195.0,0.0,1,10000,13.056748903035343,5,20,19327
263,BA,6112,3,98195.0,0.0,1,15000,13.056748903035343,5,20,20299
264,BA,19708,1,0.0,0.0,1,1000,13.056748903035343,5,5,980
265,BA,19708,1,0.0,0.0,1,5000,13.056748903035343,5,5,19877
266,BA,19708,1,0.0,0.0,1,10000,13.056748903035343,5,5,21017
267,BA,19708,1,0.0,0.0,1,15000,13.056748903035343,5,5,21745
268,BA,19708,1,0.0,0.0,1,1000,13.056748903035343,5,10,982
269,BA,19708,1,0.0,0.0,1,5000,13.056748903035343,5,10,18845
270,BA,19708,1,0.0,0.0,1,10000,13.056748903035343,5,10,20127
271,BA,19708,1,0.0,0.0,1,15000,13.056748903035343,5,10,20990
272,BA,19708,1,0.0,0.0,1,1000,13.056748903035343,5,20,981
273,BA,19708,1,0.0,0.0,1,5000,13.056748903035343,5,20,17766
274,BA,19708,1,0.0,0.0,1,10000,13.056748903035343,5,20,19217
275,BA,19708,1,0.0,0.0,1,15000,13.056748903035343,5,20,20321
276,BA,21429,1,0.0,0.0,1,1000,13.056748903035343,5,5,976
277,BA,21429,1,0.0,0.0,1,5000,13.056748903035343,5,5,19889
278,BA,21429,1,0.0,0.0,1,10000,13.056748903035343,5,5,20985
279,BA,21429,1,0.0,0.0,1,15000,13.056748903035343,5,5,21822
280,BA,21429,1,0.0,0.0,1,1000,13.056748903035343,5,10,982
281,BA,21429,1,0.0,0.0,1,5000,13.056748903035343,5,10,18849
282,BA,21429,1,0.0,0.0,1,10000,13.056748903035343,5,10,20135
283,BA,21429,1,0.0,0.0,1,15000,13.056748903035343,5,10,20993
284,BA,21429,1,0.0,0.0,1,1000,13.056748903035343,5,20,974
285,BA,21429,1,0.0,0.0,1,5000,13.056748903035343,5,20,17688
286,BA,21429,1,0.0,0.0,1,10000,13.056748903035343,5,20,19272
287,BA,21429,1,0.0,0.0,1,15000,13.056748903035343,5,20,20315
288,BA,4478,1,0.0,0.0,1,1000,13.056748903035343,5,5,976
289,BA,4478,1,0.0,0.0,1,5000,13.056748903035343,5,5,19930
290,BA,4478,1,0.0,0.0,1,10000,13.056748903035343,5,5,21012
291,BA,4478,1,0.0,0.0,1,15000,13.056748903035343,5,5,21812
292,BA,4478,1,0.0,0.0,1,1000,13.056748903035343,5,10,981
293,BA,4478,1,0.0,0.0,1,5000,13.056748903035343,5,10,18899
294,BA,4478,1,0.0,0.0,1,10000,13.056748903035343,5,10,20049
295,BA,4478,1,0.0,0.0,1,15000,13.056748903035343,5,10,21008
296,BA,4478,1,0.0,0.0,1,1000,13.056748903035343,5,20,16273
297,BA,4478,1,0.0,0.0,1,5000,13.056748903035343,5,20,17676
298,BA,4478,1,0.0,0.0,1,10000,13.056748903035343,5,20,19304
299,BA,4478,1,0.0,0.0,1,15000,13.056748903035343,5,20,20320
300,BA,21892,1,0.0,0.0,1,1000,13.056748903035343,5,5,18692
301,BA,21892,1,0.0,0.0,1,5000,13.056748903035343,5,5,19985
302,BA,21892,1,0.0,0.0,1,10000,13.056748903035343,5,5,20913
303,BA,21892,1,0.0,0.0,1,15000,13.056748903035343,5,5,21886
304,BA,21892,1,0.0,0.0,1,1000,13.056748903035343,5,10,976
305,BA,21892,1,0.0,0.0,1,5000,13.056748903035343,5,10,18819
306,BA,21892,1,0.0,0.0,1,10000,13.056748903035343,5,10,20129
307,BA,21892,1,0.0,0.0,1,15000,13.056748903035343,5,10,20996
308,BA,21892,1,0.0,0.0,1,1000,13.056748903035343,5,20,978
309,BA,21892,1,0.0,0.0,1,5000,13.056748903035343,5,20,17640
310,BA,21892,1,0.0,0.0,1,10000,13.056748903035343,5,20,19360
311,BA,21892,1,0.0,0.0,1,15000,13.056748903035343,5,20,20378
312,BA,10575,1,0.0,0.0,1,1000,13.056748903035343,5,5,979
313,BA,10575,1,0.0,0.0,1,5000,13.056748903035343,5,5,19864
314,BA,10575,1,0.0,0.0,1,10000,13.056748903035343,5,5,20998
315,BA,10575,1,0.0,0.0,1,15000,13.056748903035343,5,5,21731
316,BA,10575,1,0.0,0.0,1,1000,13.056748903035343,5,10,978
317,BA,10575,1,0.0,0.0,1,5000,13.056748903035343,5,10,18810
318,BA,10575,1,0.0,0.0,1,10000,13.056748903035343,5,10,20190
319,BA,10575,1,0.0,0.0,1,15000,13.056748903035343,5,10,21050
320,BA,10575,1,0.0,0.0,1,1000,13.056748903035343,5,20,979
321,BA,10575,1,0.0,0.0,1,5000,13.056748903035343,5,20,17695
322,BA,10575,1,0.0,0.0,1,10000,13.056748903035343,5,20,19222
323,BA,10575,1,0.0,0.0,1,15000,13.056748903035343,5,20,20378
324,BA,19628,1,0.0,0.0,1,1000,13.056748903035343,5,5,985
325,BA,19628,1,0.0,0.0,1,5000,13.056748903035343,5,5,19923
326,BA,19628,1,0.0,0.0,1,10000,13.056748903035343,5,5,20993
327,BA,19628,1,0.0,0.0,1,15000,13.056748903035343,5,5,21720
328,BA,19628,1,0.0,0.0,1,1000,13.056748903035343,5,10,973
329,BA,19628,1,0.0,0.0,1,5000,13.056748903035343,5,10,18804
330,BA,19628,1,0.0,0.0,1,10000,13.056748903035343,5,10,20093
331,BA,19628,1,0.0,0.0,1,15000,13.056748903035343,5,10,21021
332,BA,19628,1,0.0,0.0,1,1000,13.056748903035343,5,20,975
333,BA,19628,1,0.0,0.0,1,5000,13.056748903035343,5,20,17792
334,BA,19628,1,0.0,0.0,1,10000,13.056748903035343,5,20,19192
335,BA,19628,1,0.0,0.0,1,15000,13.056748903035343,5,20,20327
336,BA,20620,1,0.0,0.0,1,1000,13.056748903035343,5,5,978
337,BA,20620,1,0.0,0.0,1,5000,13.056748903035343,5,5,19929
338,BA,20620,1,0.0,0.0,1,10000,13.056748903035343,5,5,20985
339,BA,20620,1,0.0,0.0,1,15000,13.056748903035343,5,5,21808
340,BA,20620,1,0.0,0.0,1,1000,13.056748903035343,5,10,17469
341,BA,20620,1,0.0,0.0,1,5000,13.056748903035343,5,10,18944
342,BA,20620,1,0.0,0.0,1,10000,13.056748903035343,5,10,20074
343,BA,20620,1,0.0,0.0,1,15000,13.056748903035343,5,10,21018
344,BA,20620,1,0.0,0.0,1,1000,13.056748903035343,5,20,973
345,BA,20620,1,0.0,0.0,1,5000,13.056748903035343,5,20,17730
346,BA,20620,1,0.0,0.0,1,10000,13.056748903035343,5,20,19210
347,BA,20620,1,0.0,0.0,1,15000,13.056748903035343,5,20,20335
348,BA,4034,3,245444.0,0.0,1,1000,13.056748903035343,5,5,977
349,BA,4034,3,245444.0,0.0,1,5000,13.056748903035343,5,5,19946
350,BA,4034,3,245444.0,0.0,1,10000,13.056748903035343,5,5,20970
351,BA,4034,3,245444.0,0.0,1,15000,13.056748903035343,5,5,21811
352,BA,4034,3,245444.0,0.0,1,1000,13.056748903035343,5,10,979
353,BA,4034,3,245444.0,0.0,1,5000,13.056748903035343,5,10,18820
354,BA,4034,3,245444.0,0.0,1,10000,13.056748903035343,5,10,20048
355,BA,4034,3,245444.0,0.0,1,15000,13.056748903035343,5,10,21095
356,BA,4034,3,245444.0,0.0,1,1000,13.056748903035343,5,20,977
357,BA,4034,3,245444.0,0.0,1,5000,13.056748903035343,5,20,17756
358,BA,4034,3,245444.0,0.0,1,10000,13.056748903035343,5,20,19296
359,BA,4034,3,245444.0,0.0,1,15000,13.056748903035343,5,20,20378
360,rewire,4704,2,0.0,0.3015208647383071,1494,1000,2.832835405749342,5,5,975
361,rewire,4704,2,0.0,0.3015208647383071,1494,5000,2.832835405749342,5,5,19865
362,rewire,4704,2,0.0,0.3015208647383071,1494,10000,2.832835405749342,5,5,21122
363,rewire,4704,2,0.0,0.3015208647383071,1494,15000,2.832835405749342,5,5,21711
364,rewire,4704,2,0.0,0.3015208647383071,1494,1000,2.832835405749342,5,10,983
365,rewire,4704,2,0.0,0.3015208647383071,1494,5000,2.832835405749342,5,10,18716
366,rewire,4704,2,0.0,0.3015208647383071,1494,10000,2.832835405749342,5,10,20103
367,rewire,4704,2,0.0,0.3015208647383071,1494,15000,2.832835405749342,5,10,21084
368,rewire,4704,2,0.0,0.3015208647383071,1494,1000,2.832835405749342,5,20,983
369,rewire,4704,2,0.0,0.3015208647383071,1494,5000,2.832835405749342,5,20,17665
370,rewire,4704,2,0.0,0.3015208647383071,1494,10000,2.832835405749342,5,20,19313
371,rewire,4704,2,0.0,0.3015208647383071,1494,15000,2.832835405749342,5,20,20349
372,rewire,8179,2,21441.999999999993,0.3015208647383071,1494,1000,2.832835405749342,5,5,18760
373,rewire,8179,2,21441.999999999993,0.3015208647383071,1494,5000,2.832835405749342,5,5,19942
374,rewire,8179,2,21441.999999999993,0.3015208647383071,1494,10000,2.832835405749342,5,5,20997
375,rewire,8179,2,21441.999999999993,0.3015208647383071,1494,15000,2.832835405749342,5,5,21760
376,rewire,8179,2,21441.999999999993,0.3015208647383071,1494,1000,2.832835405749342,5,10,973
377,rewire,8179,2,21441.999999999993,0.3015208647383071,1494,5000,2.832835405749342,5,10,18830
378,rewire,8179,2,21441.999999999993,0.3015208647383071,1494,10000,2.832835405749342,5,10,20153
379,rewire,8179,2,21441.999999999993,0.3015208647383071,1494,15000,2.832835405749342,5,10,20985
380,rewire,8179,2,21441.999999999993,0.3015208647383071,1494,1000,2.832835405749342,5,20,984
381,rewire,8179,2,21441.999999999993,0.3015208647383071,1494,5000,2.832835405749342,5,20,17663
382,rewire,8179,2,21441.999999999993,0.3015208647383071,1494,10000,2.832835405749342,5,20,19310
383,rewire,8179,2,21441.999999999993,0.3015208647383071,1494,15000,2.832835405749342,5,20,20354
384,rewire,4966,1,0.0,0.3015208647383071,1494,1000,2.832835405749342,5,5,18711
385,rewire,4966,1,0.0,0.3015208647383071,1494,5000,2.832835405749342,5,5,19892
386,rewire,4966,1,0.0,0.3015208647383071,1494,10000,2.832835405749342,5,5,20960
387,rewire,4966,1,0.0,0.3015208647383071,1494,15000,2.832835405749342,5,5,21795
388,rewire,4966,1,0.0,0.3015208647383071,1494,1000,2.832835405749342,5,10,980
389,rewire,4966,1,0.0,0.3015208647383071,1494,5000,2.832835405749342,5,10,18853
390,rewire,4966,1,0.0,0.3015208647383071,1494,10000,2.832835405749342,5,10,19975
391,rewire,4966,1,0.0,0.3015208647383071,1494,15000,2.832835405749342,5,10,21016
392,rewire,4966,1,0.0,0.3015208647383071,1494,1000,2.832835405749342,5,20,983
393,rewire,4966,1,0.0,0.3015208647383071,1494,5000,2.832835405749342,5,20,17767
394,rewire,4966,1,0.0,0.3015208647383071,1494,10000,2.832835405749342,5,20,19315
395,rewire,4966,1,0.0,0.3015208647383071,1494,15000,2.832835405749342,5,20,20319
396,rewire,15560,1,0.0,0.3015208647383071,1494,1000,2.832835405749342,5,5,975
397,rewire,15560,1,0.0,0.3015208647383071,1494,5000,2.832835405749342,5,5,19910
398,rewire,15560,1,0.0,0.3015208647383071,1494,10000,2.832835405749342,5,5,20958
399,rewire,15560,1,0.0,0.3015208647383071,1494,15000,2.832835405749342,5,5,21775
400,rewire,15560,1,0.0,0.3015208647383071,1494,1000,2.832835405749342,5,10,980
401,rewire,15560,1,0.0,0.3015208647383071,1494,5000,2.832835405749342,5,10,18804
402,rewire,15560,1,0.0,0.3015208647383071,1494,10000,2.832835405749342,5,10,20163
403,rewire,15560,1,0.0,0.3015208647383071,1494,15000,2.832835405749342,5,10,21027
404,rewire,15560,1,0.0,0.3015208647383071,1494,1000,2.832835405749342,5,20,970
405,rewire,15560,1,0.0,0.3015208647383071,1494,5000,2.832835405749342,5,20,17771
406,rewire,15560,1,0.0,0.3015208647383071,1494,10000,2.832835405749342,5,20,19322
407,rewire,15560,1,0.0,0.3015208647383071,1494,15000,2.832835405749342,5,20,20303
408,rewire,10992,1,0.0,0.3015208647383071,1494,1000,2.832835405749342,5,5,979
409,rewire,10992,1,0.0,0.3015208647383071,1494,5000,2.832835405749342,5,5,19908
410,rewire,10992,1,0.0,0.3015208647383071,1494,10000,2.832835405749342,5,5,20921
411,rewire,10992,1,0.0,0.3015208647383071,1494,15000,2.832835405749342,5,5,21716
412,rewire,10992,1,0.0,0.3015208647383071,1494,1000,2.832835405749342,5,10,980
413,rewire,10992,1,0.0,0.3015208647383071,1494,5000,2.832835405749342,5,10,18809
414,rewire,10992,1,0.0,0.3015208647383071,1494,10000,2.832835405749342,5,10,20050
415,rewire,10992,1,0.0,0.3015208647383071,1494,15000,2.832835405749342,5,10,21001
416,rewire,10992,1,0.0,0.3015208647383071,1494,1000,2.832835405749342,5,20,981
417,rewire,10992,1,0.0,0.3015208647383071,1494,5000,2.832835405749342,5,20,17751
418,rewire,10992,1,0.0,0.3015208647383071,1494,10000,2.832835405749342,5,20,19257
419,rewire,10992,1,0.0,0.3015208647383071,1494,15000,2.832835405749342,5,20,20337
420,rewire,2582,1,0.0,0.3015208647383071,1494,1000,2.832835405749342,5,5,977
421,rewire,2582,1,0.0,0.3015208647383071,1494,5000,2.832835405749342,5,5,19851
422,rewire,2582,1,0.0,0.3015208647383071,1494,10000,2.832835405749342,5,5,21029
423,rewire,2582,1,0.0,0.3015208647383071,1494,15000,2.832835405749342,5,5,21747
424,rewire,2582,1,0.0,0.3015208647383071,1494,1000,2.832835405749342,5,10,970
425,rewire,2582,1,0.0,0.3015208647383071,1494,5000,2.832835405749342,5,10,18878
426,rewire,2582,1,0.0,0.3015208647383071,1494,10000,2.832835405749342,5,10,20110
427,rewire,2582,1,0.0,0.3015208647383071,1494,15000,2.832835405749342,5,10,21005
428,rewire,2582,1,0.0,0.3015208647383071,1494,1000,2.832835405749342,5,20,975
429,rewire,2582,1,0.0,0.3015208647383071,1494,5000,2.832835405749342,5,20,17784
430,rewire,2582,1,0.0,0.3015208647383071,1494,10000,2.832835405749342,5,20,19232
431,rewire,2582,1,0.0,0.3015208647383071,1494,15000,2.832835405749342,5,20,20322
432,rewire,10649,1,0.0,0.3015208647383071,1494,1000,2.832835405749342,5,5,981
433,rewire,10649,1,0.0,0.3015208647383071,1494,5000,2.832835405749342,5,5,19938
434,rewire,10649,1,0.0,0.3015208647383071,1494,10000,2.832835405749342,5,5,20996
435,rewire,10649,1,0.0,0.3015208647383071,1494,15000,2.832835405749342,5,5,21717
436,rewire,10649,1,0.0,0.3015208647383071,1494,1000,2.832835405749342,5,10,983
437,rewire,10649,1,0.0,0.3015208647383071,1494,5000,2.832835405749342,5,10,18817
438,rewire,10649,1,0.0,0.3015208647383071,1494,10000,2.832835405749342,5,10,20116
439,rewire,10649,1,0.0,0.3015208647383071,1494,15000,2.832835405749342,5,10,21068
440,rewire,10649,1,0.0,0.3015208647383071,1494,1000,2.832835405749342,5,20,979
441,rewire,10649,1,0.0,0.3015208647383071,1494,5000,2.832835405749342,5,20,17775
442,rewire,10649,1,0.0,0.3015208647383071,1494,10000,2.832835405749342,5,20,19197
443,rewire,10649,1,0.0,0.3015208647383071,1494,15000,2.832835405749342,5,20,20365
444,rewire,14046,1,0.0,0.3015208647383071,1494,1000,2.832835405749342,5,5,980
445,rewire,14046,1,0.0,0.3015208647383071,1494,5000,2.832835405749342,5,5,19937
446,rewire,14046,1,0.0,0.3015208647383071,1494,10000,2.832835405749342,5,5,20946
447,rewire,14046,1,0.0,0.3015208647383071,1494,15000,2.832835405749342,5,5,21734
448,rewire,14046,1,0.0,0.3015208647383071,1494,1000,2.832835405749342,5,10,981
449,rewire,14046,1,0.0,0.3015208647383071,1494,5000,2.832835405749342,5,10,18766
450,rewire,14046,1,0.0,0.3015208647383071,1494,10000,2.832835405749342,5,10,20074
451,rewire,14046,1,0.0,0.3015208647383071,1494,15000,2.832835405749342,5,10,21004
452,rewire,14046,1,0.0,0.3015208647383071,1494,1000,2.832835405749342,5,20,973
453,rewire,14046,1,0.0,0.3015208647383071,1494,5000,2.832835405749342,5,20,17842
454,rewire,14046,1,0.0,0.3015208647383071,1494,10000,2.832835405749342,5,20,19238
455,rewire,14046,1,0.0,0.3015208647383071,1494,15000,2.832835405749342,5,20,20290
456,rewire,20425,1,0.0,0.3015208647383071,1494,1000,2.832835405749342,5,5,985
457,rewire,20425,1,0.0,0.3015208647383071,1494,5000,2.832835405749342,5,5,19972
458,rewire,20425,1,0.0,0.3015208647383071,1494,10000,2.832835405749342,5,5,20983
459,rewire,20425,1,0.0,0.3015208647383071,1494,15000,2.832835405749342,5,5,21702
460,rewire,20425,1,0.0,0.3015208647383071,1494,1000,2.832835405749342,5,10,977
461,rewire,20425,1,0.0,0.3015208647383071,1494,5000,2.832835405749342,5,10,18786
462,rewire,20425,1,0.0,0.3015208647383071,1494,10000,2.832835405749342,5,10,20109
463,rewire,20425,1,0.0,0.3015208647383071,1494,15000,2.832835405749342,5,10,21045
464,rewire,20425,1,0.0,0.3015208647383071,1494,1000,2.832835405749342,5,20,976
465,rewire,20425,1,0.0,0.3015208647383071,1494,5000,2.832835405749342,5,20,4499
466,rewire,20425,1,0.0,0.3015208647383071,1494,10000,2.832835405749342,5,20,19214
467,rewire,20425,1,0.0,0.3015208647383071,1494,15000,2.832835405749342,5,20,20428
468,rewire,12752,1,0.0,0.3015208647383071,1494,1000,2.832835405749342,5,5,985
469,rewire,12752,1,0.0,0.3015208647383071,1494,5000,2.832835405749342,5,5,19983
470,rewire,12752,1,0.0,0.3015208647383071,1494,10000,2.832835405749342,5,5,20996
471,rewire,12752,1,0.0,0.3015208647383071,1494,15000,2.832835405749342,5,5,21698
472,rewire,12752,1,0.0,0.3015208647383071,1494,1000,2.832835405749342,5,10,977
473,rewire,12752,1,0.0,0.3015208647383071,1494,5000,2.832835405749342,5,10,18802
474,rewire,12752,1,0.0,0.3015208647383071,1494,10000,2.832835405749342,5,10,20076
475,rewire,12752,1,0.0,0.3015208647383071,1494,15000,2.832835405749342,5,10,21014
476,rewire,12752,1,0.0,0.3015208647383071,1494,1000,2.832835405749342,5,20,978
477,rewire,12752,1,0.0,0.3015208647383071,1494,5000,2.832835405749342,5,20,17828
478,rewire,12752,1,0.0,0.3015208647383071,1494,10000,2.832835405749342,5,20,19186
479,rewire,12752,1,0.0,0.3015208647383071,1494,15000,2.832835405749342,5,20,20366
480,ER,7939,4,326920.4168831984,0.00013779881373195138,2693,1000,11.526740625978508,5,5,981
481,ER,7939,4,326920.4168831984,0.00013779881373195138,2693,5000,11.526740625978508,5,5,19887
482,ER,7939,4,326920.4168831984,0.00013779881373195138,2693,10000,11.526740625978508,5,5,20973
483,ER,7939,4,326920.4168831984,0.00013779881373195138,2693,15000,11.526740625978508,5,5,21760
484,ER,7939,4,326920.4168831984,0.00013779881373195138,2693,1000,11.526740625978508,5,10,17518
485,ER,7939,4,326920.4168831984,0.00013779881373195138,2693,5000,11.526740625978508,5,10,18704
486,ER,7939,4,326920.4168831984,0.00013779881373195138,2693,10000,11.526740625978508,5,10,20100
487,ER,7939,4,326920.4168831984,0.00013779881373195138,2693,15000,11.526740625978508,5,10,21109
488,ER,7939,4,326920.4168831984,0.00013779881373195138,2693,1000,11.526740625978508,5,20,982
489,ER,7939,4,326920.4168831984,0.00013779881373195138,2693,5000,11.526740625978508,5,20,4527
490,ER,7939,4,326920.4168831984,0.00013779881373195138,2693,10000,11.526740625978508,5,20,19286
491,ER,7939,4,326920.4168831984,0.00013779881373195138,2693,15000,11.526740625978508,5,20,20333
492,ER,9452,4,169718.6523919509,0.00013779881373195138,2693,1000,11.526740625978508,5,5,982
493,ER,9452,4,169718.6523919509,0.00013779881373195138,2693,5000,11.526740625978508,5,5,19850
494,ER,9452,4,169718.6523919509,0.00013779881373195138,2693,10000,11.526740625978508,5,5,21010
495,ER,9452,4,169718.6523919509,0.00013779881373195138,2693,15000,11.526740625978508,5,5,21721
496,ER,9452,4,169718.6523919509,0.00013779881373195138,2693,1000,11.526740625978508,5,10,975
497,ER,9452,4,169718.6523919509,0.00013779881373195138,2693,5000,11.526740625978508,5,10,18867
498,ER,9452,4,169718.6523919509,0.00013779881373195138,2693,10000,11.526740625978508,5,10,20105
499,ER,9452,4,169718.6523919509,0.00013779881373195138,2693,15000,11.526740625978508,5,10,20994
500,ER,9452,4,169718.6523919509,0.00013779881373195138,2693,1000,11.526740625978508,5,20,985
501,ER,9452,4,169718.6523919509,0.00013779881373195138,2693,5000,11.526740625978508,5,20,17832
502,ER,9452,4,169718.6523919509,0.00013779881373195138,2693,10000,11.526740625978508,5,20,19290
503,ER,9452,4,169718.6523919509,0.00013779881373195138,2693,15000,11.526740625978508,5,20,20337
504,ER,16028,3,49337.947517552944,0.00013779881373195138,2693,1000,11.526740625978508,5,5,18811
505,ER,16028,3,49337.947517552944,0.00013779881373195138,2693,5000,11.526740625978508,5,5,19898
506,ER,16028,3,49337.947517552944,0.00013779881373195138,2693,10000,11.526740625978508,5,5,21018
507,ER,16028,3,49337.947517552944,0.00013779881373195138,2693,15000,11.526740625978508,5,5,21781
508,ER,16028,3,49337.947517552944,0.00013779881373195138,2693,1000,11.526740625978508,5,10,981
509,ER,16028,3,49337.947517552944,0.00013779881373195138,2693,5000,11.526740625978508,5,10,18871
510,ER,16028,3,49337.947517552944,0.00013779881373195138,2693,10000,11.526740625978508,5,10,20127
511,ER,16028,3,49337.947517552944,0.00013779881373195138,2693,15000,11.526740625978508,5,10,21047
512,ER,16028,3,49337.947517552944,0.00013779881373195138,2693,1000,11.526740625978508,5,20,988
513,ER,16028,3,49337.947517552944,0.00013779881373195138,2693,5000,11.526740625978508,5,20,4524
514,ER,16028,3,49337.947517552944,0.00013779881373195138,2693,10000,11.526740625978508,5,20,19280
515,ER,16028,3,49337.947517552944,0.00013779881373195138,2693,15000,11.526740625978508,5,20,20477
516,ER,2465,1,0.0,0.00013779881373195138,2693,1000,11.526740625978508,5,5,18697
517,ER,2465,1,0.0,0.00013779881373195138,2693,5000,11.526740625978508,5,5,19846
518,ER,2465,1,0.0,0.00013779881373195138,2693,10000,11.526740625978508,5,5,21012
519,ER,2465,1,0.0,0.00013779881373195138,2693,15000,11.526740625978508,5,5,21799
520,ER,2465,1,0.0,0.00013779881373195138,2693,1000,11.526740625978508,5,10,983
521,ER,2465,1,0.0,0.00013779881373195138,2693,5000,11.526740625978508,5,10,18835
522,ER,2465,1,0.0,0.00013779881373195138,2693,10000,11.526740625978508,5,10,20104
523,ER,2465,1,0.0,0.00013779881373195138,2693,15000,11.526740625978508,5,10,21023
524,ER,2465,1,0.0,0.00013779881373195138,2693,1000,11.526740625978508,5,20,979
525,ER,2465,1,0.0,0.00013779881373195138,2693,5000,11.526740625978508,5,20,4538
526,ER,2465,1,0.0,0.00013779881373195138,2693,10000,11.526740625978508,5,20,19206
527,ER,2465,1,0.0,0.00013779881373195138,2693,15000,11.526740625978508,5,20,20358
528,ER,16097,1,0.0,0.00013779881373195138,2693,1000,11.526740625978508,5,5,18791
529,ER,16097,1,0.0,0.00013779881373195138,2693,5000,11.526740625978508,5,5,19872
530,ER,16097,1,0.0,0.00013779881373195138,2693,10000,11.526740625978508,5,5,20949
531,ER,16097,1,0.0,0.00013779881373195138,2693,15000,11.526740625978508,5,5,21784
532,ER,16097,1,0.0,0.00013779881373195138,2693,1000,11.526740625978508,5,10,982
533,ER,16097,1,0.0,0.00013779881373195138,2693,5000,11.526740625978508,5,10,18801
534,ER,16097,1,0.0,0.00013779881373195138,2693,10000,11.526740625978508,5,10,20088
535,ER,16097,1,0.0,0.00013779881373195138,2693,15000,11.526740625978508,5,10,21082
536,ER,16097,1,0.0,0.00013779881373195138,2693,1000,11.526740625978508,5,20,979
537,ER,16097,1,0.0,0.00013779881373195138,2693,5000,11.526740625978508,5,20,17762
538,ER,16097,1,0.0,0.00013779881373195138,2693,10000,11.526740625978508,5,20,19263
539,ER,16097,1,0.0,0.00013779881373195138,2693,15000,11.526740625978508,5,20,20406
540,ER,15327,1,0.0,0.00013779881373195138,2693,1000,11.526740625978508,5,5,980
541,ER,15327,1,0.0,0.00013779881373195138,2693,5000,11.526740625978508,5,5,19911
542,ER,15327,1,0.0,0.00013779881373195138,2693,10000,11.526740625978508,5,5,20914
543,ER,15327,1,0.0,0.00013779881373195138,2693,15000,11.526740625978508,5,5,21726
544,ER,15327,1,0.0,0.00013779881373195138,2693,1000,11.526740625978508,5,10,979
545,ER,15327,1,0.0,0.00013779881373195138,2693,5000,11.526740625978508,5,10,18853
546,ER,15327,1,0.0,0.00013779881373195138,2693,10000,11.526740625978508,5,10,20106
547,ER,15327,1,0.0,0.00013779881373195138,2693,15000,11.526740625978508,5,10,21165
548,ER,15327,1,0.0,0.00013779881373195138,2693,1000,11.526740625978508,5,20,980
549,ER,15327,1,0.0,0.00013779881373195138,2693,5000,11.526740625978508,5,20,17804
550,ER,15327,1,0.0,0.00013779881373195138,2693,10000,11.526740625978508,5,20,19220
551,ER,15327,1,0.0,0.00013779881373195138,2693,15000,11.526740625978508,5,20,20364
552,ER,7919,2,24997.714083396982,0.00013779881373195138,2693,1000,11.526740625978508,5,5,985
553,ER,7919,2,24997.714083396982,0.00013779881373195138,2693,5000,11.526740625978508,5,5,19958
554,ER,7919,2,24997.714083396982,0.00013779881373195138,2693,10000,11.526740625978508,5,5,20966
555,ER,7919,2,24997.714083396982,0.00013779881373195138,2693,15000,11.526740625978508,5,5,21770
556,ER,7919,2,24997.714083396982,0.00013779881373195138,2693,1000,11.526740625978508,5,10,983
557,ER,7919,2,24997.714083396982,0.00013779881373195138,2693,5000,11.526740625978508,5,10,18826
558,ER,7919,2,24997.714083396982,0.00013779881373195138,2693,10000,11.526740625978508,5,10,20168
559,ER,7919,2,24997.714083396982,0.00013779881373195138,2693,15000,11.526740625978508,5,10,21019
560,ER,7919,2,24997.714083396982,0.00013779881373195138,2693,1000,11.526740625978508,5,20,981
561,ER,7919,2,24997.714083396982,0.00013779881373195138,2693,5000,11.526740625978508,5,20,17709
562,ER,7919,2,24997.714083396982,0.00013779881373195138,2693,10000,11.526740625978508,5,20,19239
563,ER,7919,2,24997.714083396982,0.00013779881373195138,2693,15000,11.526740625978508,5,20,20315
564,ER,10530,2,21417.0,0.00013779881373195138,2693,1000,11.526740625978508,5,5,979
565,ER,10530,2,21417.0,0.00013779881373195138,2693,5000,11.526740625978508,5,5,20003
566,ER,10530,2,21417.0,0.00013779881373195138,2693,10000,11.526740625978508,5,5,21001
567,ER,10530,2,21417.0,0.00013779881373195138,2693,15000,11.526740625978508,5,5,21721
568,ER,10530,2,21417.0,0.00013779881373195138,2693,1000,11.526740625978508,5,10,982
569,ER,10530,2,21417.0,0.00013779881373195138,2693,5000,11.526740625978508,5,10,18798
570,ER,10530,2,21417.0,0.00013779881373195138,2693,10000,11.526740625978508,5,10,20123
571,ER,10530,2,21417.0,0.00013779881373195138,2693,15000,11.526740625978508,5,10,21025
572,ER,10530,2,21417.0,0.00013779881373195138,2693,1000,11.526740625978508,5,20,16192
573,ER,10530,2,21417.0,0.00013779881373195138,2693,5000,11.526740625978508,5,20,17789
574,ER,10530,2,21417.0,0.00013779881373195138,2693,10000,11.526740625978508,5,20,19266
575,ER,10530,2,21417.0,0.00013779881373195138,2693,15000,11.526740625978508,5,20,20418
576,ER,8813,2,88236.31643144642,0.00013779881373195138,2693,1000,11.526740625978508,5,5,982
577,ER,8813,2,88236.31643144642,0.00013779881373195138,2693,5000,11.526740625978508,5,5,19941
578,ER,8813,2,88236.31643144642,0.00013779881373195138,2693,10000,11.526740625978508,5,5,20923
579,ER,8813,2,88236.31643144642,0.00013779881373195138,2693,15000,11.526740625978508,5,5,21718
580,ER,8813,2,88236.31643144642,0.00013779881373195138,2693,1000,11.526740625978508,5,10,983
581,ER,8813,2,88236.31643144642,0.00013779881373195138,2693,5000,11.526740625978508,5,10,18886
582,ER,8813,2,88236.31643144642,0.00013779881373195138,2693,10000,11.526740625978508,5,10,20105
583,ER,8813,2,88236.31643144642,0.00013779881373195138,2693,15000,11.526740625978508,5,10,21086
584,ER,8813,2,88236.31643144642,0.00013779881373195138,2693,1000,11.526740625978508,5,20,990
585,ER,8813,2,88236.31643144642,0.00013779881373195138,2693,5000,11.526740625978508,5,20,17793
586,ER,8813,2,88236.31643144642,0.00013779881373195138,2693,10000,11.526740625978508,5,20,19295
587,ER,8813,2,88236.31643144642,0.00013779881373195138,2693,15000,11.526740625978508,5,20,20356
588,ER,5872,2,54576.256933751756,0.00013779881373195138,2693,1000,11.526740625978508,5,5,979
589,ER,5872,2,54576.256933751756,0.00013779881373195138,2693,5000,11.526740625978508,5,5,19903
590,ER,5872,2,54576.256933751756,0.00013779881373195138,2693,10000,11.526740625978508,5,5,21011
591,ER,5872,2,54576.256933751756,0.00013779881373195138,2693,15000,11.526740625978508,5,5,21783
592,ER,5872,2,54576.256933751756,0.00013779881373195138,2693,1000,11.526740625978508,5,10,986
593,ER,5872,2,54576.256933751756,0.00013779881373195138,2693,5000,11.526740625978508,5,10,18833
594,ER,5872,2,54576.256933751756,0.00013779881373195138,2693,10000,11.526740625978508,5,10,20056
595,ER,5872,2,54576.256933751756,0.00013779881373195138,2693,15000,11.526740625978508,5,10,21010
596,ER,5872,2,54576.256933751756,0.00013779881373195138,2693,1000,11.526740625978508,5,20,984
597,ER,5872,2,54576.256933751756,0.00013779881373195138,2693,5000,11.526740625978508,5,20,17686
598,ER,5872,2,54576.256933751756,0.00013779881373195138,2693,10000,11.526740625978508,5,20,19328
599,ER,5872,2,54576.256933751756,0.00013779881373195138,2693,15000,11.526740625978508,5,20,20357
